{
	"v": "5.1.18",
	"fr": 30,
	"ip": 0,
	"op": 115,
	"w": 800,
	"h": 800,
	"nm": "zombie_characters_Face",
	"ddd": 0,
	"assets": [{
		"id": "image_0",
		"w": 29,
		"h": 39,
		"u": "images/",
		"p": "img_0.png",
		"e": 0
	},
	{
		"id": "image_1",
		"w": 54,
		"h": 57,
		"u": "images/",
		"p": "img_1.png",
		"e": 0
	},
	{
		"id": "image_2",
		"w": 110,
		"h": 12,
		"u": "images/",
		"p": "img_2.png",
		"e": 0
	},
	{
		"id": "image_3",
		"w": 82,
		"h": 11,
		"u": "images/",
		"p": "img_3.png",
		"e": 0
	},
	{
		"id": "image_4",
		"w": 82,
		"h": 47,
		"u": "images/",
		"p": "img_4.png",
		"e": 0
	},
	{
		"id": "image_5",
		"w": 82,
		"h": 26,
		"u": "images/",
		"p": "img_5.png",
		"e": 0
	},
	{
		"id": "image_6",
		"w": 67,
		"h": 25,
		"u": "images/",
		"p": "img_6.png",
		"e": 0
	},
	{
		"id": "image_7",
		"w": 67,
		"h": 25,
		"u": "images/",
		"p": "img_7.png",
		"e": 0
	},
	{
		"id": "image_8",
		"w": 91,
		"h": 34,
		"u": "images/",
		"p": "img_8.png",
		"e": 0
	},
	{
		"id": "image_9",
		"w": 90,
		"h": 34,
		"u": "images/",
		"p": "img_9.png",
		"e": 0
	},
	{
		"id": "image_10",
		"w": 91,
		"h": 39,
		"u": "images/",
		"p": "img_10.png",
		"e": 0
	},
	{
		"id": "image_11",
		"w": 90,
		"h": 39,
		"u": "images/",
		"p": "img_11.png",
		"e": 0
	},
	{
		"id": "image_12",
		"w": 39,
		"h": 38,
		"u": "images/",
		"p": "img_12.png",
		"e": 0
	},
	{
		"id": "image_13",
		"w": 38,
		"h": 38,
		"u": "images/",
		"p": "img_13.png",
		"e": 0
	},
	{
		"id": "image_14",
		"w": 79,
		"h": 79,
		"u": "images/",
		"p": "img_14.png",
		"e": 0
	},
	{
		"id": "image_15",
		"w": 79,
		"h": 79,
		"u": "images/",
		"p": "img_15.png",
		"e": 0
	},
	{
		"id": "image_16",
		"w": 293,
		"h": 301,
		"u": "images/",
		"p": "img_16.png",
		"e": 0
	},
	{
		"id": "image_17",
		"w": 80,
		"h": 83,
		"u": "images/",
		"p": "img_17.png",
		"e": 0
	},
	{
		"id": "image_18",
		"w": 81,
		"h": 83,
		"u": "images/",
		"p": "img_18.png",
		"e": 0
	},
	{
		"id": "image_19",
		"w": 127,
		"h": 157,
		"u": "images/",
		"p": "img_19.png",
		"e": 0
	},
	{
		"id": "image_20",
		"w": 107,
		"h": 115,
		"u": "images/",
		"p": "img_20.png",
		"e": 0
	},
	{
		"id": "image_21",
		"w": 213,
		"h": 235,
		"u": "images/",
		"p": "img_21.png",
		"e": 0
	},
	{
		"id": "image_22",
		"w": 151,
		"h": 138,
		"u": "images/",
		"p": "img_22.png",
		"e": 0
	},
	{
		"id": "image_23",
		"w": 107,
		"h": 115,
		"u": "images/",
		"p": "img_23.png",
		"e": 0
	},
	{
		"id": "comp_0",
		"layers": [{
			"ddd": 0,
			"ind": 1,
			"ty": 2,
			"nm": "OUQ",
			"refId": "image_0",
			"sr": 1,
			"ks": {
				"o": {
					"a": 0,
					"k": 100,
					"ix": 11
				},
				"r": {
					"a": 0,
					"k": 0,
					"ix": 10
				},
				"p": {
					"a": 0,
					"k": [63.875,
					23.125,
					0],
					"ix": 2
				},
				"a": {
					"a": 0,
					"k": [14.5,
					19.5,
					0],
					"ix": 1
				},
				"s": {
					"a": 0,
					"k": [100,
					100,
					100],
					"ix": 6
				}
			},
			"ao": 0,
			"ip": 5,
			"op": 7,
			"st": 6,
			"bm": 0
		},
		{
			"ddd": 0,
			"ind": 2,
			"ty": 2,
			"nm": "LN",
			"refId": "image_1",
			"sr": 1,
			"ks": {
				"o": {
					"a": 0,
					"k": 100,
					"ix": 11
				},
				"r": {
					"a": 0,
					"k": 0,
					"ix": 10
				},
				"p": {
					"a": 0,
					"k": [63.875,
					35.5,
					0],
					"ix": 2
				},
				"a": {
					"a": 0,
					"k": [27,
					28.5,
					0],
					"ix": 1
				},
				"s": {
					"a": 0,
					"k": [100,
					100,
					100],
					"ix": 6
				}
			},
			"ao": 0,
			"ip": 4,
			"op": 5,
			"st": 4,
			"bm": 0
		},
		{
			"ddd": 0,
			"ind": 3,
			"ty": 2,
			"nm": "MBP",
			"refId": "image_2",
			"sr": 1,
			"ks": {
				"o": {
					"a": 0,
					"k": 100,
					"ix": 11
				},
				"r": {
					"a": 0,
					"k": 0,
					"ix": 10
				},
				"p": {
					"a": 0,
					"k": [63.875,
					13,
					0],
					"ix": 2
				},
				"a": {
					"a": 0,
					"k": [55,
					6,
					0],
					"ix": 1
				},
				"s": {
					"a": 0,
					"k": [100,
					100,
					100],
					"ix": 6
				}
			},
			"ao": 0,
			"ip": 3,
			"op": 4,
			"st": 3,
			"bm": 0
		},
		{
			"ddd": 0,
			"ind": 4,
			"ty": 2,
			"nm": "Fv",
			"refId": "image_3",
			"sr": 1,
			"ks": {
				"o": {
					"a": 0,
					"k": 100,
					"ix": 11
				},
				"r": {
					"a": 0,
					"k": 0,
					"ix": 10
				},
				"p": {
					"a": 0,
					"k": [64,
					12.5,
					0],
					"ix": 2
				},
				"a": {
					"a": 0,
					"k": [41,
					5.5,
					0],
					"ix": 1
				},
				"s": {
					"a": 0,
					"k": [100,
					100,
					100],
					"ix": 6
				}
			},
			"ao": 0,
			"ip": 2,
			"op": 3,
			"st": 2,
			"bm": 0
		},
		{
			"ddd": 0,
			"ind": 5,
			"ty": 2,
			"nm": "EA",
			"refId": "image_4",
			"sr": 1,
			"ks": {
				"o": {
					"a": 0,
					"k": 100,
					"ix": 11
				},
				"r": {
					"a": 0,
					"k": 0,
					"ix": 10
				},
				"p": {
					"a": 0,
					"k": [63.875,
					30.5,
					0],
					"ix": 2
				},
				"a": {
					"a": 0,
					"k": [41,
					23.5,
					0],
					"ix": 1
				},
				"s": {
					"a": 0,
					"k": [100,
					100,
					100],
					"ix": 6
				}
			},
			"ao": 0,
			"ip": 1,
			"op": 2,
			"st": 1,
			"bm": 0
		},
		{
			"ddd": 0,
			"ind": 6,
			"ty": 2,
			"nm": "TS",
			"refId": "image_5",
			"sr": 1,
			"ks": {
				"o": {
					"a": 0,
					"k": 100,
					"ix": 11
				},
				"r": {
					"a": 0,
					"k": 0,
					"ix": 10
				},
				"p": {
					"a": 0,
					"k": [63.875,
					20,
					0],
					"ix": 2
				},
				"a": {
					"a": 0,
					"k": [41,
					13,
					0],
					"ix": 1
				},
				"s": {
					"a": 0,
					"k": [100,
					100,
					100],
					"ix": 6
				}
			},
			"ao": 0,
			"ip": 0,
			"op": 1,
			"st": 0,
			"bm": 0
		}]
	},
	{
		"id": "comp_1",
		"layers": [{
			"ddd": 0,
			"ind": 1,
			"ty": 2,
			"nm": "eyeBottomRight",
			"refId": "image_8",
			"sr": 1,
			"ks": {
				"o": {
					"a": 0,
					"k": 100,
					"ix": 11
				},
				"r": {
					"a": 1,
					"k": [{
						"t": 0,
						"s": [0],
						"h": 1
					},
					{
						"t": 1,
						"s": [0],
						"h": 1
					}],
					"ix": 10
				},
				"p": {
					"a": 1,
					"k": [{
						"t": 0,
						"s": [440,
						357.5,
						0],
						"h": 1
					},
					{
						"t": 1,
						"s": [440,
						357.5,
						0],
						"h": 1
					},
					{
						"t": 2,
						"s": [440,
						361.5,
						0],
						"h": 1
					},
					{
						"t": 4,
						"s": [440,
						348,
						0],
						"h": 1
					},
					{
						"t": 5,
						"s": [439.5,
						356,
						0],
						"h": 1
					}],
					"ix": 2
				},
				"a": {
					"a": 0,
					"k": [45.5,
					34,
					0],
					"ix": 1
				},
				"s": {
					"a": 1,
					"k": [{
						"t": 0,
						"s": [100,
						100,
						100],
						"h": 1
					},
					{
						"t": 1,
						"s": [100,
						100,
						100],
						"h": 1
					},
					{
						"t": 3,
						"s": [100,
						97.059,
						100],
						"h": 1
					}],
					"ix": 6
				}
			},
			"ao": 0,
			"ip": 0,
			"op": 21,
			"st": 0,
			"bm": 0
		},
		{
			"ddd": 0,
			"ind": 2,
			"ty": 2,
			"nm": "eyeBottomLeft",
			"refId": "image_9",
			"sr": 1,
			"ks": {
				"o": {
					"a": 0,
					"k": 100,
					"ix": 11
				},
				"r": {
					"a": 1,
					"k": [{
						"t": 0,
						"s": [0],
						"h": 1
					},
					{
						"t": 1,
						"s": [0],
						"h": 1
					}],
					"ix": 10
				},
				"p": {
					"a": 1,
					"k": [{
						"t": 0,
						"s": [343,
						357.5,
						0],
						"h": 1
					},
					{
						"t": 1,
						"s": [343,
						357.5,
						0],
						"h": 1
					},
					{
						"t": 2,
						"s": [343,
						361.5,
						0],
						"h": 1
					},
					{
						"t": 4,
						"s": [343,
						348,
						0],
						"h": 1
					},
					{
						"t": 5,
						"s": [342.5,
						356,
						0],
						"h": 1
					}],
					"ix": 2
				},
				"a": {
					"a": 0,
					"k": [45,
					34,
					0],
					"ix": 1
				},
				"s": {
					"a": 1,
					"k": [{
						"t": 0,
						"s": [100,
						100,
						100],
						"h": 1
					},
					{
						"t": 1,
						"s": [100,
						100,
						100],
						"h": 1
					},
					{
						"t": 3,
						"s": [100,
						97.059,
						100],
						"h": 1
					}],
					"ix": 6
				}
			},
			"ao": 0,
			"ip": 0,
			"op": 21,
			"st": 0,
			"bm": 0
		},
		{
			"ddd": 0,
			"ind": 3,
			"ty": 2,
			"nm": "eyeTopRight",
			"refId": "image_10",
			"sr": 1,
			"ks": {
				"o": {
					"a": 0,
					"k": 100,
					"ix": 11
				},
				"r": {
					"a": 1,
					"k": [{
						"t": 0,
						"s": [-14.648],
						"h": 1
					},
					{
						"t": 1,
						"s": [-14.648],
						"h": 1
					},
					{
						"t": 2,
						"s": [-0.479],
						"h": 1
					},
					{
						"t": 3,
						"s": [0],
						"h": 1
					},
					{
						"t": 5,
						"s": [-14.953],
						"h": 1
					}],
					"ix": 10
				},
				"p": {
					"a": 1,
					"k": [{
						"t": 0,
						"s": [426,
						255,
						0],
						"h": 1
					},
					{
						"t": 1,
						"s": [426,
						255,
						0],
						"h": 1
					},
					{
						"t": 2,
						"s": [434.5,
						262,
						0],
						"h": 1
					},
					{
						"t": 3,
						"s": [435,
						256,
						0],
						"h": 1
					},
					{
						"t": 4,
						"s": [435,
						245.5,
						0],
						"h": 1
					},
					{
						"t": 5,
						"s": [423.5,
						246,
						0],
						"h": 1
					}],
					"ix": 2
				},
				"a": {
					"a": 0,
					"k": [45.5,
					0,
					0],
					"ix": 1
				},
				"s": {
					"a": 1,
					"k": [{
						"t": 0,
						"s": [100,
						100,
						100],
						"h": 1
					},
					{
						"t": 1,
						"s": [100,
						100,
						100],
						"h": 1
					},
					{
						"t": 2,
						"s": [100,
						125.188,
						100],
						"h": 1
					},
					{
						"t": 3,
						"s": [100,
						141.854,
						100],
						"h": 1
					}],
					"ix": 6
				}
			},
			"ao": 0,
			"ip": 0,
			"op": 21,
			"st": 0,
			"bm": 0
		},
		{
			"ddd": 0,
			"ind": 4,
			"ty": 2,
			"nm": "eyeTopLeft",
			"refId": "image_11",
			"sr": 1,
			"ks": {
				"o": {
					"a": 0,
					"k": 100,
					"ix": 11
				},
				"r": {
					"a": 1,
					"k": [{
						"t": 0,
						"s": [1.307],
						"h": 1
					},
					{
						"t": 1,
						"s": [1.307],
						"h": 1
					},
					{
						"t": 2,
						"s": [14.296],
						"h": 1
					},
					{
						"t": 3,
						"s": [0],
						"h": 1
					},
					{
						"t": 5,
						"s": [11.637],
						"h": 1
					}],
					"ix": 10
				},
				"p": {
					"a": 1,
					"k": [{
						"t": 0,
						"s": [349.5,
						258,
						0],
						"h": 1
					},
					{
						"t": 1,
						"s": [349.5,
						258,
						0],
						"h": 1
					},
					{
						"t": 2,
						"s": [360.5,
						261.5,
						0],
						"h": 1
					},
					{
						"t": 3,
						"s": [343,
						255,
						0],
						"h": 1
					},
					{
						"t": 4,
						"s": [343,
						244.5,
						0],
						"h": 1
					},
					{
						"t": 5,
						"s": [355.5,
						245,
						0],
						"h": 1
					}],
					"ix": 2
				},
				"a": {
					"a": 0,
					"k": [45,
					0,
					0],
					"ix": 1
				},
				"s": {
					"a": 1,
					"k": [{
						"t": 0,
						"s": [100,
						134.615,
						100],
						"h": 1
					},
					{
						"t": 1,
						"s": [100,
						134.615,
						100],
						"h": 1
					},
					{
						"t": 2,
						"s": [100,
						95.679,
						100],
						"h": 1
					},
					{
						"t": 3,
						"s": [100,
						144.098,
						100],
						"h": 1
					}],
					"ix": 6
				}
			},
			"ao": 0,
			"ip": 0,
			"op": 21,
			"st": 0,
			"bm": 0
		},
		{
			"ddd": 0,
			"ind": 5,
			"ty": 2,
			"nm": "EyeBrowRight 2",
			"refId": "image_6",
			"sr": 1,
			"ks": {
				"o": {
					"a": 0,
					"k": 100,
					"ix": 11
				},
				"r": {
					"a": 0,
					"k": 0,
					"ix": 10
				},
				"p": {
					"a": 0,
					"k": [434.908,
					307.734,
					0],
					"ix": 2
				},
				"a": {
					"a": 0,
					"k": [33.5,
					12.5,
					0],
					"ix": 1
				},
				"s": {
					"a": 0,
					"k": [127.152,
					71.928,
					100],
					"ix": 6
				}
			},
			"ao": 0,
			"ip": 4,
			"op": 5,
			"st": 0,
			"bm": 0
		},
		{
			"ddd": 0,
			"ind": 6,
			"ty": 2,
			"nm": "EyeBrowRight",
			"refId": "image_6",
			"sr": 1,
			"ks": {
				"o": {
					"a": 0,
					"k": 100,
					"ix": 11
				},
				"r": {
					"a": 0,
					"k": 0,
					"ix": 10
				},
				"p": {
					"a": 0,
					"k": [345.408,
					307.734,
					0],
					"ix": 2
				},
				"a": {
					"a": 0,
					"k": [33.5,
					12.5,
					0],
					"ix": 1
				},
				"s": {
					"a": 0,
					"k": [127.152,
					71.928,
					100],
					"ix": 6
				}
			},
			"ao": 0,
			"ip": 4,
			"op": 5,
			"st": 0,
			"bm": 0
		},
		{
			"ddd": 0,
			"ind": 7,
			"ty": 2,
			"nm": "eyePupilRight",
			"refId": "image_12",
			"sr": 1,
			"ks": {
				"o": {
					"a": 0,
					"k": 100,
					"ix": 11
				},
				"r": {
					"a": 0,
					"k": 0,
					"ix": 10
				},
				"p": {
					"a": 1,
					"k": [{
						"t": 0,
						"s": [452.5,
						311.5,
						0],
						"h": 1
					},
					{
						"t": 1,
						"s": [452.5,
						311.5,
						0],
						"h": 1
					},
					{
						"t": 2,
						"s": [423.5,
						314,
						0],
						"h": 1
					},
					{
						"t": 3,
						"s": [455.5,
						309,
						0],
						"h": 1
					},
					{
						"t": 4,
						"s": [439.5,
						309,
						0],
						"h": 1
					},
					{
						"t": 5,
						"s": [452,
						310.5,
						0],
						"h": 1
					}],
					"ix": 2
				},
				"a": {
					"a": 0,
					"k": [19.5,
					19,
					0],
					"ix": 1
				},
				"s": {
					"a": 0,
					"k": [100,
					100,
					100],
					"ix": 6
				}
			},
			"ao": 0,
			"ip": 0,
			"op": 21,
			"st": 0,
			"bm": 0
		},
		{
			"ddd": 0,
			"ind": 8,
			"ty": 2,
			"nm": "eyePupilLeft",
			"refId": "image_13",
			"sr": 1,
			"ks": {
				"o": {
					"a": 0,
					"k": 100,
					"ix": 11
				},
				"r": {
					"a": 0,
					"k": 0,
					"ix": 10
				},
				"p": {
					"a": 1,
					"k": [{
						"t": 0,
						"s": [358,
						311.5,
						0],
						"h": 1
					},
					{
						"t": 1,
						"s": [358,
						311.5,
						0],
						"h": 1
					},
					{
						"t": 2,
						"s": [332,
						314,
						0],
						"h": 1
					},
					{
						"t": 3,
						"s": [362.5,
						307.5,
						0],
						"h": 1
					},
					{
						"t": 4,
						"s": [346.5,
						307.5,
						0],
						"h": 1
					},
					{
						"t": 5,
						"s": [359,
						309,
						0],
						"h": 1
					}],
					"ix": 2
				},
				"a": {
					"a": 0,
					"k": [19,
					19,
					0],
					"ix": 1
				},
				"s": {
					"a": 0,
					"k": [100,
					100,
					100],
					"ix": 6
				}
			},
			"ao": 0,
			"ip": 0,
			"op": 21,
			"st": 0,
			"bm": 0
		},
		{
			"ddd": 0,
			"ind": 9,
			"ty": 2,
			"nm": "eyeballRight",
			"refId": "image_14",
			"sr": 1,
			"ks": {
				"o": {
					"a": 0,
					"k": 100,
					"ix": 11
				},
				"r": {
					"a": 0,
					"k": 0,
					"ix": 10
				},
				"p": {
					"a": 0,
					"k": [436.5,
					303.5,
					0],
					"ix": 2
				},
				"a": {
					"a": 0,
					"k": [39.5,
					39.5,
					0],
					"ix": 1
				},
				"s": {
					"a": 0,
					"k": [100,
					100,
					100],
					"ix": 6
				}
			},
			"ao": 0,
			"ip": 0,
			"op": 21,
			"st": 0,
			"bm": 0
		},
		{
			"ddd": 0,
			"ind": 10,
			"ty": 2,
			"nm": "eyeballLeft",
			"refId": "image_15",
			"sr": 1,
			"ks": {
				"o": {
					"a": 0,
					"k": 100,
					"ix": 11
				},
				"r": {
					"a": 0,
					"k": 0,
					"ix": 10
				},
				"p": {
					"a": 0,
					"k": [344.5,
					303.5,
					0],
					"ix": 2
				},
				"a": {
					"a": 0,
					"k": [39.5,
					39.5,
					0],
					"ix": 1
				},
				"s": {
					"a": 0,
					"k": [100,
					100,
					100],
					"ix": 6
				}
			},
			"ao": 0,
			"ip": 0,
			"op": 21,
			"st": 0,
			"bm": 0
		}]
	}],
	"layers": [{
		"ddd": 0,
		"ind": 1,
		"ty": 3,
		"nm": "FacePosition",
		"parent": 6,
		"sr": 1,
		"ks": {
			"o": {
				"a": 0,
				"k": 0,
				"ix": 11
			},
			"r": {
				"a": 1,
				"k": [{
					"i": {
						"x": [0.667],
						"y": [1]
					},
					"o": {
						"x": [0.333],
						"y": [0]
					},
					"n": ["0p667_1_0p333_0"],
					"t": 18,
					"s": [0],
					"e": [-1.874]
				},
				{
					"t": 23,
					"s": [-1.874],
					"h": 1
				},
				{
					"i": {
						"x": [0.667],
						"y": [1]
					},
					"o": {
						"x": [0.333],
						"y": [0]
					},
					"n": ["0p667_1_0p333_0"],
					"t": 50,
					"s": [-1.874],
					"e": [1.974]
				},
				{
					"t": 55,
					"s": [1.974],
					"h": 1
				},
				{
					"i": {
						"x": [0.667],
						"y": [1]
					},
					"o": {
						"x": [0.333],
						"y": [0]
					},
					"n": ["0p667_1_0p333_0"],
					"t": 75,
					"s": [1.974],
					"e": [0]
				},
				{
					"i": {
						"x": [0.833],
						"y": [1]
					},
					"o": {
						"x": [0.333],
						"y": [0]
					},
					"n": ["0p833_1_0p333_0"],
					"t": 79,
					"s": [0],
					"e": [0]
				},
				{
					"i": {
						"x": [0.833],
						"y": [1]
					},
					"o": {
						"x": [0.167],
						"y": [0]
					},
					"n": ["0p833_1_0p167_0"],
					"t": 84,
					"s": [0],
					"e": [0]
				},
				{
					"t": 101
				}],
				"ix": 10
			},
			"p": {
				"a": 1,
				"k": [{
					"i": {
						"x": 0.667,
						"y": 1
					},
					"o": {
						"x": 0.333,
						"y": 0
					},
					"n": "0p667_1_0p333_0",
					"t": 18,
					"s": [169.5,
					201.5,
					0],
					"e": [191.498,
					201.602,
					0],
					"to": [3.66637873649597,
					0.01696901023388,
					0],
					"ti": [-3.16666674613953,
					0,
					0]
				},
				{
					"t": 23,
					"s": [191.498,
					201.602,
					0],
					"h": 1
				},
				{
					"i": {
						"x": 0.667,
						"y": 1
					},
					"o": {
						"x": 0.333,
						"y": 0
					},
					"n": "0p667_1_0p333_0",
					"t": 50,
					"s": [188.5,
					201.5,
					0],
					"e": [127.437,
					213.535,
					0],
					"to": [-10.6768608093262,
					1.98892319202423,
					0],
					"ti": [10.1771488189697,
					-2.00589227676392,
					0]
				},
				{
					"t": 55,
					"s": [127.437,
					213.535,
					0],
					"h": 1
				},
				{
					"i": {
						"x": 0.667,
						"y": 1
					},
					"o": {
						"x": 0.333,
						"y": 0
					},
					"n": "0p667_1_0p333_0",
					"t": 75,
					"s": [127.437,
					213.535,
					0],
					"e": [169.5,
					201.5,
					0],
					"to": [7.01048231124878,
					-2.00589227676392,
					0],
					"ti": [-7.01048231124878,
					2.00589227676392,
					0]
				},
				{
					"i": {
						"x": 0.667,
						"y": 0.667
					},
					"o": {
						"x": 0.333,
						"y": 0.333
					},
					"n": "0p667_0p667_0p333_0p333",
					"t": 79,
					"s": [169.5,
					201.5,
					0],
					"e": [169.5,
					201.5,
					0],
					"to": [0,
					0,
					0],
					"ti": [0,
					0,
					0]
				},
				{
					"i": {
						"x": 0.667,
						"y": 1
					},
					"o": {
						"x": 0.333,
						"y": 0
					},
					"n": "0p667_1_0p333_0",
					"t": 84,
					"s": [169.5,
					201.5,
					0],
					"e": [148.36,
					230.745,
					0],
					"to": [-3.52329564094543,
					4.87412595748901,
					0],
					"ti": [2.18405771255493,
					11.1098527908325,
					0]
				},
				{
					"i": {
						"x": 0.667,
						"y": 1
					},
					"o": {
						"x": 0.333,
						"y": 0
					},
					"n": "0p667_1_0p333_0",
					"t": 88,
					"s": [148.36,
					230.745,
					0],
					"e": [156.396,
					134.841,
					0],
					"to": [-2.18405771255493,
					-11.1098527908325,
					0],
					"ti": [-3.52329564094543,
					4.87412595748901,
					0]
				},
				{
					"i": {
						"x": 0.667,
						"y": 1
					},
					"o": {
						"x": 0.333,
						"y": 0
					},
					"n": "0p667_1_0p333_0",
					"t": 96,
					"s": [156.396,
					134.841,
					0],
					"e": [169.5,
					201.5,
					0],
					"to": [3.52329564094543,
					-4.87412595748901,
					0],
					"ti": [-2.18405771255493,
					-11.1098527908325,
					0]
				},
				{
					"t": 101
				}],
				"ix": 2
			},
			"a": {
				"a": 0,
				"k": [0,
				0,
				0],
				"ix": 1
			},
			"s": {
				"a": 0,
				"k": [133.5,
				133.5,
				100],
				"ix": 6
			}
		},
		"ao": 0,
		"ip": 0,
		"op": 115,
		"st": 0,
		"bm": 0
	},
	{
		"ddd": 0,
		"ind": 2,
		"ty": 0,
		"nm": "Mouths",
		"parent": 1,
		"refId": "comp_0",
		"sr": 1,
		"ks": {
			"o": {
				"a": 0,
				"k": 100,
				"ix": 11
			},
			"r": {
				"a": 0,
				"k": 0,
				"ix": 10
			},
			"p": {
				"a": 0,
				"k": [10.112,
				40.824,
				0],
				"ix": 2
			},
			"a": {
				"a": 0,
				"k": [65,
				36.5,
				0],
				"ix": 1
			},
			"s": {
				"a": 0,
				"k": [51.858,
				51.858,
				100],
				"ix": 6
			}
		},
		"ao": 0,
		"tm": {
			"a": 1,
			"k": [{
				"t": 0,
				"s": [0],
				"h": 1
			},
			{
				"t": 2,
				"s": [0.067],
				"h": 1
			},
			{
				"t": 4,
				"s": [0.2],
				"h": 1
			},
			{
				"t": 10,
				"s": [0.133],
				"h": 1
			},
			{
				"t": 15,
				"s": [0.1],
				"h": 1
			},
			{
				"t": 18,
				"s": [0],
				"h": 1
			},
			{
				"t": 30,
				"s": [0.067],
				"h": 1
			},
			{
				"t": 32,
				"s": [0.133],
				"h": 1
			},
			{
				"t": 35,
				"s": [0.033],
				"h": 1
			},
			{
				"t": 37,
				"s": [0.1],
				"h": 1
			},
			{
				"t": 41,
				"s": [0],
				"h": 1
			},
			{
				"t": 65,
				"s": [0.067],
				"h": 1
			},
			{
				"t": 68,
				"s": [0.2],
				"h": 1
			},
			{
				"t": 74,
				"s": [0.133],
				"h": 1
			},
			{
				"t": 75,
				"s": [0],
				"h": 1
			},
			{
				"t": 90,
				"s": [0.133],
				"h": 1
			},
			{
				"t": 92,
				"s": [0.167],
				"h": 1
			},
			{
				"t": 98,
				"s": [0.113],
				"h": 1
			},
			{
				"t": 102,
				"s": [0],
				"h": 1
			}],
			"ix": 2
		},
		"w": 130,
		"h": 73,
		"ip": 0,
		"op": 115,
		"st": 0,
		"bm": 0
	},
	{
		"ddd": 0,
		"ind": 3,
		"ty": 2,
		"nm": "EyeBrowRight",
		"parent": 1,
		"refId": "image_6",
		"sr": 1,
		"ks": {
			"o": {
				"a": 0,
				"k": 100,
				"ix": 11
			},
			"r": {
				"a": 1,
				"k": [{
					"i": {
						"x": [0.833],
						"y": [0.833]
					},
					"o": {
						"x": [0.333],
						"y": [0]
					},
					"n": ["0p833_0p833_0p333_0"],
					"t": 18,
					"s": [0],
					"e": [-4.717]
				},
				{
					"t": 23,
					"s": [-4.717],
					"h": 1
				},
				{
					"i": {
						"x": [0.667],
						"y": [1]
					},
					"o": {
						"x": [0.333],
						"y": [0]
					},
					"n": ["0p667_1_0p333_0"],
					"t": 50,
					"s": [-4.717],
					"e": [0]
				},
				{
					"i": {
						"x": [0.667],
						"y": [1]
					},
					"o": {
						"x": [0.333],
						"y": [0]
					},
					"n": ["0p667_1_0p333_0"],
					"t": 55,
					"s": [0],
					"e": [0]
				},
				{
					"i": {
						"x": [0.667],
						"y": [1]
					},
					"o": {
						"x": [0.333],
						"y": [0]
					},
					"n": ["0p667_1_0p333_0"],
					"t": 75,
					"s": [0],
					"e": [0]
				},
				{
					"i": {
						"x": [0.833],
						"y": [1]
					},
					"o": {
						"x": [0.333],
						"y": [0]
					},
					"n": ["0p833_1_0p333_0"],
					"t": 79,
					"s": [0],
					"e": [0]
				},
				{
					"t": 101
				}],
				"ix": 10
			},
			"p": {
				"a": 1,
				"k": [{
					"i": {
						"x": 0.667,
						"y": 1
					},
					"o": {
						"x": 0.333,
						"y": 0
					},
					"n": "0p667_1_0p333_0",
					"t": 18,
					"s": [44.5,
					-47.391,
					0],
					"e": [45.249,
					-41.15,
					0],
					"to": [0,
					-1.73034024238586,
					0],
					"ti": [0,
					4.13590145111084,
					0]
				},
				{
					"i": {
						"x": 0.833,
						"y": 0.833
					},
					"o": {
						"x": 0.333,
						"y": 0
					},
					"n": "0p833_0p833_0p333_0",
					"t": 21,
					"s": [45.249,
					-41.15,
					0],
					"e": [44.5,
					-75.855,
					0],
					"to": [0,
					-7.20348978042603,
					0],
					"ti": [0,
					3.01372957229614,
					0]
				},
				{
					"t": 23,
					"s": [44.5,
					-75.855,
					0],
					"h": 1
				},
				{
					"i": {
						"x": 0.667,
						"y": 1
					},
					"o": {
						"x": 0.333,
						"y": 0
					},
					"n": "0p667_1_0p333_0",
					"t": 50,
					"s": [44.5,
					-75.855,
					0],
					"e": [44.5,
					-92.334,
					0],
					"to": [0,
					0,
					0],
					"ti": [0,
					0,
					0]
				},
				{
					"i": {
						"x": 0.667,
						"y": 0.667
					},
					"o": {
						"x": 0.333,
						"y": 0.333
					},
					"n": "0p667_0p667_0p333_0p333",
					"t": 55,
					"s": [44.5,
					-92.334,
					0],
					"e": [44.5,
					-92.334,
					0],
					"to": [0,
					0,
					0],
					"ti": [0,
					0,
					0]
				},
				{
					"i": {
						"x": 0.667,
						"y": 1
					},
					"o": {
						"x": 0.333,
						"y": 0
					},
					"n": "0p667_1_0p333_0",
					"t": 75,
					"s": [44.5,
					-92.334,
					0],
					"e": [44.5,
					-47.391,
					0],
					"to": [0,
					0,
					0],
					"ti": [0,
					4.74407005310059,
					0]
				},
				{
					"i": {
						"x": 0.667,
						"y": 1
					},
					"o": {
						"x": 0.333,
						"y": 0
					},
					"n": "0p667_1_0p333_0",
					"t": 79,
					"s": [44.5,
					-47.391,
					0],
					"e": [44.5,
					-47.391,
					0],
					"to": [0,
					-1.73034024238586,
					0],
					"ti": [0,
					0,
					0]
				},
				{
					"i": {
						"x": 0.667,
						"y": 1
					},
					"o": {
						"x": 0.333,
						"y": 0
					},
					"n": "0p667_1_0p333_0",
					"t": 84,
					"s": [44.5,
					-47.391,
					0],
					"e": [43.723,
					-17.137,
					0],
					"to": [0,
					0,
					0],
					"ti": [0,
					0,
					0]
				},
				{
					"i": {
						"x": 0.667,
						"y": 1
					},
					"o": {
						"x": 0.333,
						"y": 0
					},
					"n": "0p667_1_0p333_0",
					"t": 88,
					"s": [43.723,
					-17.137,
					0],
					"e": [45.052,
					-75.433,
					0],
					"to": [0,
					0,
					0],
					"ti": [0,
					0,
					0]
				},
				{
					"i": {
						"x": 0.833,
						"y": 1
					},
					"o": {
						"x": 0.333,
						"y": 0
					},
					"n": "0p833_1_0p333_0",
					"t": 93,
					"s": [45.052,
					-75.433,
					0],
					"e": [44.5,
					-47.391,
					0],
					"to": [0,
					0,
					0],
					"ti": [0,
					4.74407005310059,
					0]
				},
				{
					"t": 101
				}],
				"ix": 2
			},
			"a": {
				"a": 0,
				"k": [33.5,
				12.5,
				0],
				"ix": 1
			},
			"s": {
				"a": 1,
				"k": [{
					"i": {
						"x": [0.833,
						0.833,
						0.833],
						"y": [0.833,
						0.833,
						0.833]
					},
					"o": {
						"x": [0.167,
						0.167,
						0.167],
						"y": [0.167,
						0.167,
						0.167]
					},
					"n": ["0p833_0p833_0p167_0p167",
					"0p833_0p833_0p167_0p167",
					"0p833_0p833_0p167_0p167"],
					"t": 21,
					"s": [53.879,
					53.879,
					100],
					"e": [43.571,
					119.888,
					100]
				},
				{
					"i": {
						"x": [0.833,
						0.833,
						0.833],
						"y": [0.833,
						0.833,
						0.833]
					},
					"o": {
						"x": [0.167,
						0.167,
						0.167],
						"y": [0.167,
						0.167,
						0.167]
					},
					"n": ["0p833_0p833_0p167_0p167",
					"0p833_0p833_0p167_0p167",
					"0p833_0p833_0p167_0p167"],
					"t": 22,
					"s": [43.571,
					119.888,
					100],
					"e": [53.879,
					53.879,
					100]
				},
				{
					"i": {
						"x": [0.833,
						0.833,
						0.833],
						"y": [0.833,
						0.833,
						0.833]
					},
					"o": {
						"x": [0.167,
						0.167,
						0.167],
						"y": [0.167,
						0.167,
						0.167]
					},
					"n": ["0p833_0p833_0p167_0p167",
					"0p833_0p833_0p167_0p167",
					"0p833_0p833_0p167_0p167"],
					"t": 23,
					"s": [53.879,
					53.879,
					100],
					"e": [53.879,
					53.879,
					100]
				},
				{
					"i": {
						"x": [0.833,
						0.833,
						0.833],
						"y": [0.833,
						0.833,
						0.833]
					},
					"o": {
						"x": [0.167,
						0.167,
						0.167],
						"y": [0.167,
						0.167,
						0.167]
					},
					"n": ["0p833_0p833_0p167_0p167",
					"0p833_0p833_0p167_0p167",
					"0p833_0p833_0p167_0p167"],
					"t": 75,
					"s": [53.879,
					53.879,
					100],
					"e": [43.571,
					77.995,
					100]
				},
				{
					"i": {
						"x": [0.833,
						0.833,
						0.833],
						"y": [0.833,
						0.833,
						0.833]
					},
					"o": {
						"x": [0.167,
						0.167,
						0.167],
						"y": [0.167,
						0.167,
						0.167]
					},
					"n": ["0p833_0p833_0p167_0p167",
					"0p833_0p833_0p167_0p167",
					"0p833_0p833_0p167_0p167"],
					"t": 77,
					"s": [43.571,
					77.995,
					100],
					"e": [53.879,
					53.879,
					100]
				},
				{
					"i": {
						"x": [0.833,
						0.833,
						0.833],
						"y": [0.833,
						0.833,
						0.833]
					},
					"o": {
						"x": [0.167,
						0.167,
						0.167],
						"y": [0.167,
						0.167,
						0.167]
					},
					"n": ["0p833_0p833_0p167_0p167",
					"0p833_0p833_0p167_0p167",
					"0p833_0p833_0p167_0p167"],
					"t": 79,
					"s": [53.879,
					53.879,
					100],
					"e": [53.879,
					53.879,
					100]
				},
				{
					"i": {
						"x": [0.833,
						0.833,
						0.833],
						"y": [0.833,
						0.833,
						0.833]
					},
					"o": {
						"x": [0.167,
						0.167,
						0.167],
						"y": [0.167,
						0.167,
						0.167]
					},
					"n": ["0p833_0p833_0p167_0p167",
					"0p833_0p833_0p167_0p167",
					"0p833_0p833_0p167_0p167"],
					"t": 84,
					"s": [53.879,
					53.879,
					100],
					"e": [43.571,
					77.995,
					100]
				},
				{
					"i": {
						"x": [0.833,
						0.833,
						0.833],
						"y": [0.833,
						0.833,
						0.833]
					},
					"o": {
						"x": [0.167,
						0.167,
						0.167],
						"y": [0.167,
						0.167,
						0.167]
					},
					"n": ["0p833_0p833_0p167_0p167",
					"0p833_0p833_0p167_0p167",
					"0p833_0p833_0p167_0p167"],
					"t": 86,
					"s": [43.571,
					77.995,
					100],
					"e": [53.879,
					53.879,
					100]
				},
				{
					"i": {
						"x": [0.833,
						0.833,
						0.833],
						"y": [0.833,
						0.833,
						0.833]
					},
					"o": {
						"x": [0.167,
						0.167,
						0.167],
						"y": [0.167,
						0.167,
						0.167]
					},
					"n": ["0p833_0p833_0p167_0p167",
					"0p833_0p833_0p167_0p167",
					"0p833_0p833_0p167_0p167"],
					"t": 88,
					"s": [53.879,
					53.879,
					100],
					"e": [43.571,
					77.995,
					100]
				},
				{
					"i": {
						"x": [0.833,
						0.833,
						0.833],
						"y": [0.833,
						0.833,
						0.833]
					},
					"o": {
						"x": [0.167,
						0.167,
						0.167],
						"y": [0.167,
						0.167,
						0.167]
					},
					"n": ["0p833_0p833_0p167_0p167",
					"0p833_0p833_0p167_0p167",
					"0p833_0p833_0p167_0p167"],
					"t": 90,
					"s": [43.571,
					77.995,
					100],
					"e": [53.879,
					53.879,
					100]
				},
				{
					"i": {
						"x": [0.833,
						0.833,
						0.833],
						"y": [0.833,
						0.833,
						0.833]
					},
					"o": {
						"x": [0.167,
						0.167,
						0.167],
						"y": [0.167,
						0.167,
						0.167]
					},
					"n": ["0p833_0p833_0p167_0p167",
					"0p833_0p833_0p167_0p167",
					"0p833_0p833_0p167_0p167"],
					"t": 93,
					"s": [53.879,
					53.879,
					100],
					"e": [43.571,
					77.995,
					100]
				},
				{
					"i": {
						"x": [0.833,
						0.833,
						0.833],
						"y": [0.833,
						0.833,
						0.833]
					},
					"o": {
						"x": [0.167,
						0.167,
						0.167],
						"y": [0.167,
						0.167,
						0.167]
					},
					"n": ["0p833_0p833_0p167_0p167",
					"0p833_0p833_0p167_0p167",
					"0p833_0p833_0p167_0p167"],
					"t": 95,
					"s": [43.571,
					77.995,
					100],
					"e": [63.152,
					42.208,
					100]
				},
				{
					"i": {
						"x": [0.833,
						0.833,
						0.833],
						"y": [0.833,
						0.833,
						0.833]
					},
					"o": {
						"x": [0.167,
						0.167,
						0.167],
						"y": [0.167,
						0.167,
						0.167]
					},
					"n": ["0p833_0p833_0p167_0p167",
					"0p833_0p833_0p167_0p167",
					"0p833_0p833_0p167_0p167"],
					"t": 97,
					"s": [63.152,
					42.208,
					100],
					"e": [43.571,
					77.995,
					100]
				},
				{
					"i": {
						"x": [0.833,
						0.833,
						0.833],
						"y": [0.833,
						0.833,
						0.833]
					},
					"o": {
						"x": [0.167,
						0.167,
						0.167],
						"y": [0.167,
						0.167,
						0.167]
					},
					"n": ["0p833_0p833_0p167_0p167",
					"0p833_0p833_0p167_0p167",
					"0p833_0p833_0p167_0p167"],
					"t": 99,
					"s": [43.571,
					77.995,
					100],
					"e": [53.879,
					53.879,
					100]
				},
				{
					"t": 101
				}],
				"ix": 6
			}
		},
		"ao": 0,
		"ip": 0,
		"op": 115,
		"st": 0,
		"bm": 0
	},
	{
		"ddd": 0,
		"ind": 4,
		"ty": 2,
		"nm": "EyeBrowLeft",
		"parent": 1,
		"refId": "image_7",
		"sr": 1,
		"ks": {
			"o": {
				"a": 0,
				"k": 100,
				"ix": 11
			},
			"r": {
				"a": 1,
				"k": [{
					"i": {
						"x": [0.667],
						"y": [1]
					},
					"o": {
						"x": [0.333],
						"y": [0]
					},
					"n": ["0p667_1_0p333_0"],
					"t": 18,
					"s": [0],
					"e": [0]
				},
				{
					"i": {
						"x": [0.667],
						"y": [1]
					},
					"o": {
						"x": [0.333],
						"y": [0]
					},
					"n": ["0p667_1_0p333_0"],
					"t": 50,
					"s": [0],
					"e": [0]
				},
				{
					"i": {
						"x": [0.833],
						"y": [1]
					},
					"o": {
						"x": [0.333],
						"y": [0]
					},
					"n": ["0p833_1_0p333_0"],
					"t": 79,
					"s": [0],
					"e": [0]
				},
				{
					"t": 101
				}],
				"ix": 10
			},
			"p": {
				"a": 1,
				"k": [{
					"i": {
						"x": 0.833,
						"y": 0.833
					},
					"o": {
						"x": 0.333,
						"y": 0
					},
					"n": "0p833_0p833_0p333_0",
					"t": 18,
					"s": [-45.5,
					-47.391,
					0],
					"e": [-45.5,
					-33.158,
					0],
					"to": [0,
					2.37203502655029,
					0],
					"ti": [0,
					-2.37203502655029,
					0]
				},
				{
					"t": 23,
					"s": [-45.5,
					-33.158,
					0],
					"h": 1
				},
				{
					"i": {
						"x": 0.667,
						"y": 1
					},
					"o": {
						"x": 0.333,
						"y": 0
					},
					"n": "0p667_1_0p333_0",
					"t": 50,
					"s": [-45.5,
					-33.158,
					0],
					"e": [-42.504,
					-94.582,
					0],
					"to": [0.49937579035759,
					-10.2372035980225,
					0],
					"ti": [-0.49937579035759,
					10.2372035980225,
					0]
				},
				{
					"i": {
						"x": 0.667,
						"y": 0.667
					},
					"o": {
						"x": 0.333,
						"y": 0.333
					},
					"n": "0p667_0p667_0p333_0p333",
					"t": 55,
					"s": [-42.504,
					-94.582,
					0],
					"e": [-42.504,
					-94.582,
					0],
					"to": [0,
					0,
					0],
					"ti": [0,
					0,
					0]
				},
				{
					"i": {
						"x": 0.667,
						"y": 1
					},
					"o": {
						"x": 0.333,
						"y": 0
					},
					"n": "0p667_1_0p333_0",
					"t": 75,
					"s": [-42.504,
					-94.582,
					0],
					"e": [-45.5,
					-47.391,
					0],
					"to": [-0.49937579035759,
					7.86516857147217,
					0],
					"ti": [0.49937579035759,
					-7.86516857147217,
					0]
				},
				{
					"i": {
						"x": 0.667,
						"y": 0.667
					},
					"o": {
						"x": 0.333,
						"y": 0.333
					},
					"n": "0p667_0p667_0p333_0p333",
					"t": 79,
					"s": [-45.5,
					-47.391,
					0],
					"e": [-45.5,
					-47.391,
					0],
					"to": [0,
					0,
					0],
					"ti": [0,
					0,
					0]
				},
				{
					"i": {
						"x": 0.667,
						"y": 1
					},
					"o": {
						"x": 0.333,
						"y": 0
					},
					"n": "0p667_1_0p333_0",
					"t": 84,
					"s": [-45.5,
					-47.391,
					0],
					"e": [-46.719,
					-18.294,
					0],
					"to": [-0.2031908929348,
					4.84950733184814,
					0],
					"ti": [-0.09204930067062,
					4.67367696762085,
					0]
				},
				{
					"i": {
						"x": 0.667,
						"y": 1
					},
					"o": {
						"x": 0.333,
						"y": 0
					},
					"n": "0p667_1_0p333_0",
					"t": 88,
					"s": [-46.719,
					-18.294,
					0],
					"e": [-44.948,
					-75.433,
					0],
					"to": [0.09204930067062,
					-4.67367696762085,
					0],
					"ti": [-0.2031908929348,
					4.84950733184814,
					0]
				},
				{
					"i": {
						"x": 0.833,
						"y": 1
					},
					"o": {
						"x": 0.333,
						"y": 0
					},
					"n": "0p833_1_0p333_0",
					"t": 93,
					"s": [-44.948,
					-75.433,
					0],
					"e": [-45.5,
					-47.391,
					0],
					"to": [0.2031908929348,
					-4.84950733184814,
					0],
					"ti": [0.09204930067062,
					-4.67367696762085,
					0]
				},
				{
					"t": 101
				}],
				"ix": 2
			},
			"a": {
				"a": 0,
				"k": [33.5,
				12.5,
				0],
				"ix": 1
			},
			"s": {
				"a": 1,
				"k": [{
					"i": {
						"x": [0.833,
						0.833,
						0.833],
						"y": [0.833,
						0.833,
						0.833]
					},
					"o": {
						"x": [0.167,
						0.167,
						0.167],
						"y": [0.167,
						0.167,
						0.167]
					},
					"n": ["0p833_0p833_0p167_0p167",
					"0p833_0p833_0p167_0p167",
					"0p833_0p833_0p167_0p167"],
					"t": 50,
					"s": [53.879,
					53.879,
					100],
					"e": [43.571,
					119.888,
					100]
				},
				{
					"i": {
						"x": [0.833,
						0.833,
						0.833],
						"y": [0.833,
						0.833,
						0.833]
					},
					"o": {
						"x": [0.167,
						0.167,
						0.167],
						"y": [0.167,
						0.167,
						0.167]
					},
					"n": ["0p833_0p833_0p167_0p167",
					"0p833_0p833_0p167_0p167",
					"0p833_0p833_0p167_0p167"],
					"t": 52,
					"s": [43.571,
					119.888,
					100],
					"e": [53.879,
					53.879,
					100]
				},
				{
					"i": {
						"x": [0.833,
						0.833,
						0.833],
						"y": [0.833,
						0.833,
						0.833]
					},
					"o": {
						"x": [0.167,
						0.167,
						0.167],
						"y": [0.167,
						0.167,
						0.167]
					},
					"n": ["0p833_0p833_0p167_0p167",
					"0p833_0p833_0p167_0p167",
					"0p833_0p833_0p167_0p167"],
					"t": 55,
					"s": [53.879,
					53.879,
					100],
					"e": [53.879,
					53.879,
					100]
				},
				{
					"i": {
						"x": [0.833,
						0.833,
						0.833],
						"y": [0.833,
						0.833,
						0.833]
					},
					"o": {
						"x": [0.167,
						0.167,
						0.167],
						"y": [0.167,
						0.167,
						0.167]
					},
					"n": ["0p833_0p833_0p167_0p167",
					"0p833_0p833_0p167_0p167",
					"0p833_0p833_0p167_0p167"],
					"t": 75,
					"s": [53.879,
					53.879,
					100],
					"e": [43.571,
					77.995,
					100]
				},
				{
					"i": {
						"x": [0.833,
						0.833,
						0.833],
						"y": [0.833,
						0.833,
						0.833]
					},
					"o": {
						"x": [0.167,
						0.167,
						0.167],
						"y": [0.167,
						0.167,
						0.167]
					},
					"n": ["0p833_0p833_0p167_0p167",
					"0p833_0p833_0p167_0p167",
					"0p833_0p833_0p167_0p167"],
					"t": 77,
					"s": [43.571,
					77.995,
					100],
					"e": [53.879,
					53.879,
					100]
				},
				{
					"i": {
						"x": [0.833,
						0.833,
						0.833],
						"y": [0.833,
						0.833,
						0.833]
					},
					"o": {
						"x": [0.167,
						0.167,
						0.167],
						"y": [0.167,
						0.167,
						0.167]
					},
					"n": ["0p833_0p833_0p167_0p167",
					"0p833_0p833_0p167_0p167",
					"0p833_0p833_0p167_0p167"],
					"t": 79,
					"s": [53.879,
					53.879,
					100],
					"e": [53.879,
					53.879,
					100]
				},
				{
					"i": {
						"x": [0.833,
						0.833,
						0.833],
						"y": [0.833,
						0.833,
						0.833]
					},
					"o": {
						"x": [0.167,
						0.167,
						0.167],
						"y": [0.167,
						0.167,
						0.167]
					},
					"n": ["0p833_0p833_0p167_0p167",
					"0p833_0p833_0p167_0p167",
					"0p833_0p833_0p167_0p167"],
					"t": 84,
					"s": [53.879,
					53.879,
					100],
					"e": [43.571,
					77.995,
					100]
				},
				{
					"i": {
						"x": [0.833,
						0.833,
						0.833],
						"y": [0.833,
						0.833,
						0.833]
					},
					"o": {
						"x": [0.167,
						0.167,
						0.167],
						"y": [0.167,
						0.167,
						0.167]
					},
					"n": ["0p833_0p833_0p167_0p167",
					"0p833_0p833_0p167_0p167",
					"0p833_0p833_0p167_0p167"],
					"t": 86,
					"s": [43.571,
					77.995,
					100],
					"e": [53.879,
					53.879,
					100]
				},
				{
					"i": {
						"x": [0.833,
						0.833,
						0.833],
						"y": [0.833,
						0.833,
						0.833]
					},
					"o": {
						"x": [0.167,
						0.167,
						0.167],
						"y": [0.167,
						0.167,
						0.167]
					},
					"n": ["0p833_0p833_0p167_0p167",
					"0p833_0p833_0p167_0p167",
					"0p833_0p833_0p167_0p167"],
					"t": 88,
					"s": [53.879,
					53.879,
					100],
					"e": [43.571,
					77.995,
					100]
				},
				{
					"i": {
						"x": [0.833,
						0.833,
						0.833],
						"y": [0.833,
						0.833,
						0.833]
					},
					"o": {
						"x": [0.167,
						0.167,
						0.167],
						"y": [0.167,
						0.167,
						0.167]
					},
					"n": ["0p833_0p833_0p167_0p167",
					"0p833_0p833_0p167_0p167",
					"0p833_0p833_0p167_0p167"],
					"t": 90,
					"s": [43.571,
					77.995,
					100],
					"e": [53.879,
					53.879,
					100]
				},
				{
					"i": {
						"x": [0.833,
						0.833,
						0.833],
						"y": [0.833,
						0.833,
						0.833]
					},
					"o": {
						"x": [0.167,
						0.167,
						0.167],
						"y": [0.167,
						0.167,
						0.167]
					},
					"n": ["0p833_0p833_0p167_0p167",
					"0p833_0p833_0p167_0p167",
					"0p833_0p833_0p167_0p167"],
					"t": 93,
					"s": [53.879,
					53.879,
					100],
					"e": [43.571,
					77.995,
					100]
				},
				{
					"i": {
						"x": [0.833,
						0.833,
						0.833],
						"y": [0.833,
						0.833,
						0.833]
					},
					"o": {
						"x": [0.167,
						0.167,
						0.167],
						"y": [0.167,
						0.167,
						0.167]
					},
					"n": ["0p833_0p833_0p167_0p167",
					"0p833_0p833_0p167_0p167",
					"0p833_0p833_0p167_0p167"],
					"t": 95,
					"s": [43.571,
					77.995,
					100],
					"e": [63.152,
					42.208,
					100]
				},
				{
					"i": {
						"x": [0.833,
						0.833,
						0.833],
						"y": [0.833,
						0.833,
						0.833]
					},
					"o": {
						"x": [0.167,
						0.167,
						0.167],
						"y": [0.167,
						0.167,
						0.167]
					},
					"n": ["0p833_0p833_0p167_0p167",
					"0p833_0p833_0p167_0p167",
					"0p833_0p833_0p167_0p167"],
					"t": 97,
					"s": [63.152,
					42.208,
					100],
					"e": [43.571,
					77.995,
					100]
				},
				{
					"i": {
						"x": [0.833,
						0.833,
						0.833],
						"y": [0.833,
						0.833,
						0.833]
					},
					"o": {
						"x": [0.167,
						0.167,
						0.167],
						"y": [0.167,
						0.167,
						0.167]
					},
					"n": ["0p833_0p833_0p167_0p167",
					"0p833_0p833_0p167_0p167",
					"0p833_0p833_0p167_0p167"],
					"t": 99,
					"s": [43.571,
					77.995,
					100],
					"e": [53.879,
					53.879,
					100]
				},
				{
					"t": 101
				}],
				"ix": 6
			}
		},
		"ao": 0,
		"ip": 0,
		"op": 115,
		"st": 0,
		"bm": 0
	},
	{
		"ddd": 0,
		"ind": 5,
		"ty": 0,
		"nm": "Eyes",
		"parent": 1,
		"refId": "comp_1",
		"sr": 1,
		"ks": {
			"o": {
				"a": 0,
				"k": 100,
				"ix": 11
			},
			"r": {
				"a": 0,
				"k": 0,
				"ix": 10
			},
			"p": {
				"a": 0,
				"k": [-1,
				-3.5,
				0],
				"ix": 2
			},
			"a": {
				"a": 0,
				"k": [388,
				321,
				0],
				"ix": 1
			},
			"s": {
				"a": 1,
				"k": [{
					"i": {
						"x": [0.833,
						0.833,
						0.833],
						"y": [0.833,
						0.833,
						0.833]
					},
					"o": {
						"x": [0.167,
						0.167,
						0.167],
						"y": [0.167,
						0.167,
						0.167]
					},
					"n": ["0p833_0p833_0p167_0p167",
					"0p833_0p833_0p167_0p167",
					"0p833_0p833_0p167_0p167"],
					"t": 50,
					"s": [74.691,
					74.691,
					100],
					"e": [83.674,
					74.691,
					100]
				},
				{
					"i": {
						"x": [0.833,
						0.833,
						0.833],
						"y": [0.833,
						0.833,
						0.833]
					},
					"o": {
						"x": [0.167,
						0.167,
						0.167],
						"y": [0.167,
						0.167,
						0.167]
					},
					"n": ["0p833_0p833_0p167_0p167",
					"0p833_0p833_0p167_0p167",
					"0p833_0p833_0p167_0p167"],
					"t": 52,
					"s": [83.674,
					74.691,
					100],
					"e": [74.691,
					74.691,
					100]
				},
				{
					"i": {
						"x": [0.833,
						0.833,
						0.833],
						"y": [0.833,
						0.833,
						0.833]
					},
					"o": {
						"x": [0.167,
						0.167,
						0.167],
						"y": [0.167,
						0.167,
						0.167]
					},
					"n": ["0p833_0p833_0p167_0p167",
					"0p833_0p833_0p167_0p167",
					"0p833_0p833_0p167_0p167"],
					"t": 55,
					"s": [74.691,
					74.691,
					100],
					"e": [74.691,
					74.691,
					100]
				},
				{
					"i": {
						"x": [0.833,
						0.833,
						0.833],
						"y": [0.833,
						0.833,
						0.833]
					},
					"o": {
						"x": [0.167,
						0.167,
						0.167],
						"y": [0.167,
						0.167,
						0.167]
					},
					"n": ["0p833_0p833_0p167_0p167",
					"0p833_0p833_0p167_0p167",
					"0p833_0p833_0p167_0p167"],
					"t": 75,
					"s": [74.691,
					74.691,
					100],
					"e": [83.674,
					74.691,
					100]
				},
				{
					"i": {
						"x": [0.833,
						0.833,
						0.833],
						"y": [0.833,
						0.833,
						0.833]
					},
					"o": {
						"x": [0.167,
						0.167,
						0.167],
						"y": [0.167,
						0.167,
						0.167]
					},
					"n": ["0p833_0p833_0p167_0p167",
					"0p833_0p833_0p167_0p167",
					"0p833_0p833_0p167_0p167"],
					"t": 77,
					"s": [83.674,
					74.691,
					100],
					"e": [74.691,
					74.691,
					100]
				},
				{
					"t": 80
				}],
				"ix": 6
			}
		},
		"ao": 0,
		"tm": {
			"a": 1,
			"k": [{
				"t": 0,
				"s": [0.1],
				"h": 1
			},
			{
				"t": 22,
				"s": [0.033],
				"h": 1
			},
			{
				"t": 53,
				"s": [0.067],
				"h": 1
			},
			{
				"t": 78,
				"s": [0.1],
				"h": 1
			},
			{
				"t": 87,
				"s": [0.133],
				"h": 1
			},
			{
				"t": 93,
				"s": [0],
				"h": 1
			},
			{
				"t": 101,
				"s": [0.1],
				"h": 1
			}],
			"ix": 2
		},
		"w": 800,
		"h": 800,
		"ip": 0,
		"op": 115,
		"st": 0,
		"bm": 0
	},
	{
		"ddd": 0,
		"ind": 6,
		"ty": 2,
		"nm": "Head",
		"parent": 12,
		"refId": "image_16",
		"sr": 1,
		"ks": {
			"o": {
				"a": 0,
				"k": 100,
				"ix": 11
			},
			"r": {
				"a": 1,
				"k": [{
					"i": {
						"x": [0.667],
						"y": [1]
					},
					"o": {
						"x": [0.333],
						"y": [0]
					},
					"n": ["0p667_1_0p333_0"],
					"t": 18,
					"s": [0],
					"e": [-10.136]
				},
				{
					"i": {
						"x": [0.667],
						"y": [1]
					},
					"o": {
						"x": [0.333],
						"y": [0]
					},
					"n": ["0p667_1_0p333_0"],
					"t": 23,
					"s": [-10.136],
					"e": [-10.136]
				},
				{
					"i": {
						"x": [0.833],
						"y": [1]
					},
					"o": {
						"x": [0.333],
						"y": [0]
					},
					"n": ["0p833_1_0p333_0"],
					"t": 50,
					"s": [-10.136],
					"e": [4.746]
				},
				{
					"i": {
						"x": [0.833],
						"y": [1]
					},
					"o": {
						"x": [0.167],
						"y": [0]
					},
					"n": ["0p833_1_0p167_0"],
					"t": 55,
					"s": [4.746],
					"e": [4.746]
				},
				{
					"i": {
						"x": [0.667],
						"y": [1]
					},
					"o": {
						"x": [0.167],
						"y": [0]
					},
					"n": ["0p667_1_0p167_0"],
					"t": 75,
					"s": [4.746],
					"e": [0]
				},
				{
					"i": {
						"x": [0.833],
						"y": [1]
					},
					"o": {
						"x": [0.333],
						"y": [0]
					},
					"n": ["0p833_1_0p333_0"],
					"t": 79,
					"s": [0],
					"e": [0]
				},
				{
					"i": {
						"x": [0.833],
						"y": [1]
					},
					"o": {
						"x": [0.167],
						"y": [0]
					},
					"n": ["0p833_1_0p167_0"],
					"t": 84,
					"s": [0],
					"e": [4.506]
				},
				{
					"i": {
						"x": [0.603],
						"y": [0.74]
					},
					"o": {
						"x": [0.161],
						"y": [0]
					},
					"n": ["0p603_0p74_0p161_0"],
					"t": 88,
					"s": [4.506],
					"e": [-2.015]
				},
				{
					"i": {
						"x": [0.825],
						"y": [1]
					},
					"o": {
						"x": [0.43],
						"y": [-0.571]
					},
					"n": ["0p825_1_0p43_-0p571"],
					"t": 96,
					"s": [-2.015],
					"e": [0]
				},
				{
					"t": 101
				}],
				"ix": 10
			},
			"p": {
				"a": 1,
				"k": [{
					"i": {
						"x": 0.667,
						"y": 1
					},
					"o": {
						"x": 0.333,
						"y": 0
					},
					"n": "0p667_1_0p333_0",
					"t": 18,
					"s": [111.5,
					40,
					0],
					"e": [123.355,
					21.588,
					0],
					"to": [1.97580981254578,
					-3.06860208511353,
					0],
					"ti": [-1.97580981254578,
					3.06860208511353,
					0]
				},
				{
					"i": {
						"x": 0.667,
						"y": 0.667
					},
					"o": {
						"x": 0.333,
						"y": 0.333
					},
					"n": "0p667_0p667_0p333_0p333",
					"t": 23,
					"s": [123.355,
					21.588,
					0],
					"e": [123.355,
					21.588,
					0],
					"to": [0,
					0,
					0],
					"ti": [0,
					0,
					0]
				},
				{
					"i": {
						"x": 0.667,
						"y": 1
					},
					"o": {
						"x": 0.333,
						"y": 0
					},
					"n": "0p667_1_0p333_0",
					"t": 50,
					"s": [123.355,
					21.588,
					0],
					"e": [118.5,
					43,
					0],
					"to": [-0.80914306640625,
					3.56860208511353,
					0],
					"ti": [0.80914306640625,
					-3.56860208511353,
					0]
				},
				{
					"i": {
						"x": 0.667,
						"y": 0.667
					},
					"o": {
						"x": 0.333,
						"y": 0.333
					},
					"n": "0p667_0p667_0p333_0p333",
					"t": 55,
					"s": [118.5,
					43,
					0],
					"e": [118.5,
					43,
					0],
					"to": [0,
					0,
					0],
					"ti": [0,
					0,
					0]
				},
				{
					"i": {
						"x": 0.667,
						"y": 1
					},
					"o": {
						"x": 0.333,
						"y": 0
					},
					"n": "0p667_1_0p333_0",
					"t": 75,
					"s": [118.5,
					43,
					0],
					"e": [111.5,
					40,
					0],
					"to": [-1.16666662693024,
					-0.5,
					0],
					"ti": [1.16666662693024,
					0.5,
					0]
				},
				{
					"i": {
						"x": 0.667,
						"y": 0.667
					},
					"o": {
						"x": 0.333,
						"y": 0.333
					},
					"n": "0p667_0p667_0p333_0p333",
					"t": 79,
					"s": [111.5,
					40,
					0],
					"e": [111.5,
					40,
					0],
					"to": [0,
					0,
					0],
					"ti": [0,
					0,
					0]
				},
				{
					"i": {
						"x": 0.667,
						"y": 1
					},
					"o": {
						"x": 0.167,
						"y": 0
					},
					"n": "0p667_1_0p167_0",
					"t": 84,
					"s": [111.5,
					40,
					0],
					"e": [138.612,
					210.248,
					0],
					"to": [4.51860475540161,
					28.3746738433838,
					0],
					"ti": [0,
					0,
					0]
				},
				{
					"i": {
						"x": 0.585,
						"y": 0.895
					},
					"o": {
						"x": 0.178,
						"y": 0
					},
					"n": "0p585_0p895_0p178_0",
					"t": 88,
					"s": [138.612,
					210.248,
					0],
					"e": [114.662,
					5.081,
					0],
					"to": [0,
					0,
					0],
					"ti": [6.48782730102539,
					15.3148002624512,
					0]
				},
				{
					"i": {
						"x": 0.701,
						"y": 1
					},
					"o": {
						"x": 0.348,
						"y": 0.575
					},
					"n": "0p701_1_0p348_0p575",
					"t": 96,
					"s": [114.662,
					5.081,
					0],
					"e": [111.5,
					17,
					0],
					"to": [-2.82442665100098,
					-6.66718292236328,
					0],
					"ti": [1.08695030212402,
					2.56579375267029,
					0]
				},
				{
					"i": {
						"x": 0.569,
						"y": 0.935
					},
					"o": {
						"x": 0.205,
						"y": 0
					},
					"n": "0p569_0p935_0p205_0",
					"t": 100,
					"s": [111.5,
					17,
					0],
					"e": [110.597,
					46.868,
					0],
					"to": [-0.37568184733391,
					-0.8868134021759,
					0],
					"ti": [0.23053626716137,
					0.54419094324112,
					0]
				},
				{
					"i": {
						"x": 0.729,
						"y": 1
					},
					"o": {
						"x": 0.318,
						"y": 0.326
					},
					"n": "0p729_1_0p318_0p326",
					"t": 103,
					"s": [110.597,
					46.868,
					0],
					"e": [111.5,
					40,
					0],
					"to": [-1.96860563755035,
					-4.64697980880737,
					0],
					"ti": [0,
					0,
					0]
				},
				{
					"t": 108
				}],
				"ix": 2
			},
			"a": {
				"a": 0,
				"k": [146.5,
				284,
				0],
				"ix": 1
			},
			"s": {
				"a": 0,
				"k": [100,
				100,
				100],
				"ix": 6
			}
		},
		"ao": 0,
		"ip": 0,
		"op": 115,
		"st": 0,
		"bm": 0
	},
	{
		"ddd": 0,
		"ind": 7,
		"ty": 2,
		"nm": "earRight",
		"parent": 6,
		"refId": "image_17",
		"sr": 1,
		"ks": {
			"o": {
				"a": 0,
				"k": 100,
				"ix": 11
			},
			"r": {
				"a": 0,
				"k": 0,
				"ix": 10
			},
			"p": {
				"a": 1,
				"k": [{
					"i": {
						"x": 0.667,
						"y": 1
					},
					"o": {
						"x": 0.333,
						"y": 0
					},
					"n": "0p667_1_0p333_0",
					"t": 18,
					"s": [261,
					207.5,
					0],
					"e": [247.008,
					207.025,
					0],
					"to": [-2.33198928833008,
					-0.07918871194124,
					0],
					"ti": [2.33198928833008,
					0.07918871194124,
					0]
				},
				{
					"i": {
						"x": 0.667,
						"y": 0.667
					},
					"o": {
						"x": 0.333,
						"y": 0.333
					},
					"n": "0p667_0p667_0p333_0p333",
					"t": 23,
					"s": [247.008,
					207.025,
					0],
					"e": [247.008,
					207.025,
					0],
					"to": [0,
					0,
					0],
					"ti": [0,
					0,
					0]
				},
				{
					"i": {
						"x": 0.667,
						"y": 1
					},
					"o": {
						"x": 0.333,
						"y": 0
					},
					"n": "0p667_1_0p333_0",
					"t": 50,
					"s": [247.008,
					207.025,
					0],
					"e": [281.515,
					219.725,
					0],
					"to": [5.75110721588135,
					2.11667633056641,
					0],
					"ti": [-5.75110721588135,
					-2.11667633056641,
					0]
				},
				{
					"i": {
						"x": 0.667,
						"y": 0.667
					},
					"o": {
						"x": 0.333,
						"y": 0.333
					},
					"n": "0p667_0p667_0p333_0p333",
					"t": 55,
					"s": [281.515,
					219.725,
					0],
					"e": [281.515,
					219.725,
					0],
					"to": [0,
					0,
					0],
					"ti": [0,
					0,
					0]
				},
				{
					"i": {
						"x": 0.667,
						"y": 1
					},
					"o": {
						"x": 0.333,
						"y": 0
					},
					"n": "0p667_1_0p333_0",
					"t": 75,
					"s": [281.515,
					219.725,
					0],
					"e": [261,
					207.5,
					0],
					"to": [-3.41911816596985,
					-2.03748774528503,
					0],
					"ti": [3.41911816596985,
					2.03748774528503,
					0]
				},
				{
					"i": {
						"x": 0.667,
						"y": 0.667
					},
					"o": {
						"x": 0.333,
						"y": 0.333
					},
					"n": "0p667_0p667_0p333_0p333",
					"t": 79,
					"s": [261,
					207.5,
					0],
					"e": [261,
					207.5,
					0],
					"to": [0,
					0,
					0],
					"ti": [0,
					0,
					0]
				},
				{
					"i": {
						"x": 0.667,
						"y": 1
					},
					"o": {
						"x": 0.333,
						"y": 0
					},
					"n": "0p667_1_0p333_0",
					"t": 84,
					"s": [261,
					207.5,
					0],
					"e": [268.897,
					141.113,
					0],
					"to": [0,
					0,
					0],
					"ti": [0,
					0,
					0]
				},
				{
					"i": {
						"x": 0.667,
						"y": 0.856
					},
					"o": {
						"x": 0.333,
						"y": 0
					},
					"n": "0p667_0p856_0p333_0",
					"t": 88,
					"s": [268.897,
					141.113,
					0],
					"e": [264.463,
					212.74,
					0],
					"to": [0,
					0,
					0],
					"ti": [0,
					0,
					0]
				},
				{
					"i": {
						"x": 0.667,
						"y": 1
					},
					"o": {
						"x": 0.324,
						"y": 1
					},
					"n": "0p667_1_0p324_1",
					"t": 96,
					"s": [264.463,
					212.74,
					0],
					"e": [261,
					207.5,
					0],
					"to": [0,
					0,
					0],
					"ti": [0,
					0,
					0]
				},
				{
					"t": 101
				}],
				"ix": 2
			},
			"a": {
				"a": 0,
				"k": [40,
				41.5,
				0],
				"ix": 1
			},
			"s": {
				"a": 0,
				"k": [100,
				100,
				100],
				"ix": 6
			}
		},
		"ao": 0,
		"ip": 0,
		"op": 115,
		"st": 0,
		"bm": 0
	},
	{
		"ddd": 0,
		"ind": 8,
		"ty": 2,
		"nm": "earLeft",
		"parent": 6,
		"refId": "image_18",
		"sr": 1,
		"ks": {
			"o": {
				"a": 0,
				"k": 100,
				"ix": 11
			},
			"r": {
				"a": 0,
				"k": 0,
				"ix": 10
			},
			"p": {
				"a": 1,
				"k": [{
					"i": {
						"x": 0.667,
						"y": 1
					},
					"o": {
						"x": 0.333,
						"y": 0
					},
					"n": "0p667_1_0p333_0",
					"t": 18,
					"s": [-1.5,
					206.5,
					0],
					"e": [-4.5,
					204.5,
					0],
					"to": [-0.5,
					-0.33333334326744,
					0],
					"ti": [0.5,
					0.33333334326744,
					0]
				},
				{
					"i": {
						"x": 0.667,
						"y": 0.667
					},
					"o": {
						"x": 0.333,
						"y": 0.333
					},
					"n": "0p667_0p667_0p333_0p333",
					"t": 23,
					"s": [-4.5,
					204.5,
					0],
					"e": [-4.5,
					204.5,
					0],
					"to": [0,
					0,
					0],
					"ti": [0,
					0,
					0]
				},
				{
					"i": {
						"x": 0.667,
						"y": 1
					},
					"o": {
						"x": 0.333,
						"y": 0
					},
					"n": "0p667_1_0p333_0",
					"t": 50,
					"s": [-4.5,
					204.5,
					0],
					"e": [9.5,
					204.5,
					0],
					"to": [2.33333325386047,
					0,
					0],
					"ti": [-2.33333325386047,
					0,
					0]
				},
				{
					"i": {
						"x": 0.667,
						"y": 0.667
					},
					"o": {
						"x": 0.333,
						"y": 0.333
					},
					"n": "0p667_0p667_0p333_0p333",
					"t": 55,
					"s": [9.5,
					204.5,
					0],
					"e": [9.5,
					204.5,
					0],
					"to": [0,
					0,
					0],
					"ti": [0,
					0,
					0]
				},
				{
					"i": {
						"x": 0.667,
						"y": 1
					},
					"o": {
						"x": 0.333,
						"y": 0
					},
					"n": "0p667_1_0p333_0",
					"t": 75,
					"s": [9.5,
					204.5,
					0],
					"e": [-1.5,
					206.5,
					0],
					"to": [-1.83333337306976,
					0.33333334326744,
					0],
					"ti": [1.83333337306976,
					-0.33333334326744,
					0]
				},
				{
					"i": {
						"x": 0.667,
						"y": 0.667
					},
					"o": {
						"x": 0.333,
						"y": 0.333
					},
					"n": "0p667_0p667_0p333_0p333",
					"t": 79,
					"s": [-1.5,
					206.5,
					0],
					"e": [-1.5,
					206.5,
					0],
					"to": [0,
					0,
					0],
					"ti": [0,
					0,
					0]
				},
				{
					"i": {
						"x": 0.667,
						"y": 1
					},
					"o": {
						"x": 0.333,
						"y": 0
					},
					"n": "0p667_1_0p333_0",
					"t": 84,
					"s": [-1.5,
					206.5,
					0],
					"e": [6.397,
					140.113,
					0],
					"to": [0,
					0,
					0],
					"ti": [0,
					0,
					0]
				},
				{
					"i": {
						"x": 0.667,
						"y": 0.856
					},
					"o": {
						"x": 0.333,
						"y": 0
					},
					"n": "0p667_0p856_0p333_0",
					"t": 88,
					"s": [6.397,
					140.113,
					0],
					"e": [1.963,
					211.74,
					0],
					"to": [0,
					0,
					0],
					"ti": [0,
					0,
					0]
				},
				{
					"i": {
						"x": 0.667,
						"y": 1
					},
					"o": {
						"x": 0.324,
						"y": 1
					},
					"n": "0p667_1_0p324_1",
					"t": 96,
					"s": [1.963,
					211.74,
					0],
					"e": [-1.5,
					206.5,
					0],
					"to": [0,
					0,
					0],
					"ti": [0,
					0,
					0]
				},
				{
					"t": 101
				}],
				"ix": 2
			},
			"a": {
				"a": 0,
				"k": [40.5,
				41.5,
				0],
				"ix": 1
			},
			"s": {
				"a": 0,
				"k": [100,
				100,
				100],
				"ix": 6
			}
		},
		"ao": 0,
		"ip": 0,
		"op": 115,
		"st": 0,
		"bm": 0
	},
	{
		"ddd": 0,
		"ind": 9,
		"ty": 2,
		"nm": "HAND1",
		"parent": 12,
		"refId": "image_19",
		"sr": 1,
		"ks": {
			"o": {
				"a": 0,
				"k": 100,
				"ix": 11
			},
			"r": {
				"a": 1,
				"k": [{
					"i": {
						"x": [0.833],
						"y": [1]
					},
					"o": {
						"x": [0.167],
						"y": [0]
					},
					"n": ["0p833_1_0p167_0"],
					"t": 2,
					"s": [-15.999],
					"e": [-40.448]
				},
				{
					"i": {
						"x": [0.833],
						"y": [1]
					},
					"o": {
						"x": [0.167],
						"y": [0]
					},
					"n": ["0p833_1_0p167_0"],
					"t": 9,
					"s": [-40.448],
					"e": [-40.448]
				},
				{
					"i": {
						"x": [0.833],
						"y": [1]
					},
					"o": {
						"x": [0.167],
						"y": [0]
					},
					"n": ["0p833_1_0p167_0"],
					"t": 33,
					"s": [-40.448],
					"e": [-32.692]
				},
				{
					"i": {
						"x": [0.833],
						"y": [1]
					},
					"o": {
						"x": [0.167],
						"y": [0]
					},
					"n": ["0p833_1_0p167_0"],
					"t": 38,
					"s": [-32.692],
					"e": [-32.692]
				},
				{
					"i": {
						"x": [0.833],
						"y": [1]
					},
					"o": {
						"x": [0.167],
						"y": [0]
					},
					"n": ["0p833_1_0p167_0"],
					"t": 52,
					"s": [-32.692],
					"e": [-15.999]
				},
				{
					"i": {
						"x": [0.833],
						"y": [1]
					},
					"o": {
						"x": [0.167],
						"y": [0]
					},
					"n": ["0p833_1_0p167_0"],
					"t": 58,
					"s": [-15.999],
					"e": [-15.999]
				},
				{
					"i": {
						"x": [0.833],
						"y": [1]
					},
					"o": {
						"x": [0.167],
						"y": [0]
					},
					"n": ["0p833_1_0p167_0"],
					"t": 84,
					"s": [-15.999],
					"e": [13.783]
				},
				{
					"i": {
						"x": [0.833],
						"y": [1]
					},
					"o": {
						"x": [0.167],
						"y": [0]
					},
					"n": ["0p833_1_0p167_0"],
					"t": 88,
					"s": [13.783],
					"e": [-57.134]
				},
				{
					"i": {
						"x": [0.833],
						"y": [1]
					},
					"o": {
						"x": [0.167],
						"y": [0]
					},
					"n": ["0p833_1_0p167_0"],
					"t": 96,
					"s": [-57.134],
					"e": [-15.999]
				},
				{
					"t": 101
				}],
				"ix": 10
			},
			"p": {
				"a": 0,
				"k": [23.825,
				72.914,
				0],
				"ix": 2
			},
			"a": {
				"a": 0,
				"k": [100.825,
				26.914,
				0],
				"ix": 1
			},
			"s": {
				"a": 0,
				"k": [100,
				100,
				100],
				"ix": 6
			}
		},
		"ao": 0,
		"ip": 0,
		"op": 115,
		"st": 0,
		"bm": 0
	},
	{
		"ddd": 0,
		"ind": 10,
		"ty": 2,
		"nm": "LEG1",
		"refId": "image_20",
		"sr": 1,
		"ks": {
			"o": {
				"a": 0,
				"k": 100,
				"ix": 11
			},
			"r": {
				"a": 1,
				"k": [{
					"i": {
						"x": [0.833],
						"y": [1]
					},
					"o": {
						"x": [0.333],
						"y": [0]
					},
					"n": ["0p833_1_0p333_0"],
					"t": 18,
					"s": [0],
					"e": [6.381]
				},
				{
					"i": {
						"x": [0.833],
						"y": [1]
					},
					"o": {
						"x": [0.167],
						"y": [0]
					},
					"n": ["0p833_1_0p167_0"],
					"t": 25,
					"s": [6.381],
					"e": [6.381]
				},
				{
					"i": {
						"x": [0.698],
						"y": [1]
					},
					"o": {
						"x": [0.222],
						"y": [0]
					},
					"n": ["0p698_1_0p222_0"],
					"t": 49,
					"s": [6.381],
					"e": [0]
				},
				{
					"i": {
						"x": [0.833],
						"y": [1]
					},
					"o": {
						"x": [0.167],
						"y": [0]
					},
					"n": ["0p833_1_0p167_0"],
					"t": 57,
					"s": [0],
					"e": [0]
				},
				{
					"i": {
						"x": [0.573],
						"y": [1]
					},
					"o": {
						"x": [0.172],
						"y": [0]
					},
					"n": ["0p573_1_0p172_0"],
					"t": 90,
					"s": [0],
					"e": [0]
				},
				{
					"i": {
						"x": [0.837],
						"y": [1]
					},
					"o": {
						"x": [0.403],
						"y": [0]
					},
					"n": ["0p837_1_0p403_0"],
					"t": 95,
					"s": [0],
					"e": [0]
				},
				{
					"t": 100
				}],
				"ix": 10
			},
			"p": {
				"a": 1,
				"k": [{
					"i": {
						"x": 0.573,
						"y": 1
					},
					"o": {
						"x": 0.172,
						"y": 0
					},
					"n": "0p573_1_0p172_0",
					"t": 90,
					"s": [382.5,
					697.5,
					0],
					"e": [384.5,
					607.5,
					0],
					"to": [0,
					0,
					0],
					"ti": [0,
					0,
					0]
				},
				{
					"i": {
						"x": 0.837,
						"y": 1
					},
					"o": {
						"x": 0.403,
						"y": 0
					},
					"n": "0p837_1_0p403_0",
					"t": 95,
					"s": [384.5,
					607.5,
					0],
					"e": [382.5,
					697.5,
					0],
					"to": [0,
					0,
					0],
					"ti": [0,
					0,
					0]
				},
				{
					"t": 100
				}],
				"ix": 2
			},
			"a": {
				"a": 0,
				"k": [101.5,
				106.5,
				0],
				"ix": 1
			},
			"s": {
				"a": 0,
				"k": [100,
				100,
				100],
				"ix": 6
			}
		},
		"ao": 0,
		"ip": 0,
		"op": 115,
		"st": 0,
		"bm": 0
	},
	{
		"ddd": 0,
		"ind": 11,
		"ty": 2,
		"nm": "TEST 2",
		"parent": 12,
		"refId": "image_21",
		"sr": 1,
		"ks": {
			"o": {
				"a": 1,
				"k": [{
					"i": {
						"x": [0.833],
						"y": [0.833]
					},
					"o": {
						"x": [0.167],
						"y": [0.167]
					},
					"n": ["0p833_0p833_0p167_0p167"],
					"t": 90,
					"s": [0],
					"e": [48]
				},
				{
					"i": {
						"x": [0.833],
						"y": [0.833]
					},
					"o": {
						"x": [0.167],
						"y": [0.167]
					},
					"n": ["0p833_0p833_0p167_0p167"],
					"t": 95,
					"s": [48],
					"e": [0]
				},
				{
					"t": 107
				}],
				"ix": 11
			},
			"r": {
				"a": 0,
				"k": 0,
				"ix": 10
			},
			"p": {
				"a": 0,
				"k": [112.5,
				202.5,
				0],
				"ix": 2
			},
			"a": {
				"a": 0,
				"k": [112.5,
				202.5,
				0],
				"ix": 1
			},
			"s": {
				"a": 0,
				"k": [100,
				100,
				100],
				"ix": 6
			}
		},
		"ao": 0,
		"ip": 0,
		"op": 115,
		"st": 0,
		"bm": 0
	},
	{
		"ddd": 0,
		"ind": 12,
		"ty": 2,
		"nm": "TEST",
		"refId": "image_21",
		"sr": 1,
		"ks": {
			"o": {
				"a": 0,
				"k": 100,
				"ix": 11
			},
			"r": {
				"a": 1,
				"k": [{
					"i": {
						"x": [0.833],
						"y": [1]
					},
					"o": {
						"x": [0.333],
						"y": [0]
					},
					"n": ["0p833_1_0p333_0"],
					"t": 18,
					"s": [0],
					"e": [2.803]
				},
				{
					"i": {
						"x": [0.833],
						"y": [1]
					},
					"o": {
						"x": [0.167],
						"y": [0]
					},
					"n": ["0p833_1_0p167_0"],
					"t": 25,
					"s": [2.803],
					"e": [2.803]
				},
				{
					"i": {
						"x": [0.833],
						"y": [1]
					},
					"o": {
						"x": [0.167],
						"y": [0]
					},
					"n": ["0p833_1_0p167_0"],
					"t": 49,
					"s": [2.803],
					"e": [-3.976]
				},
				{
					"i": {
						"x": [0.833],
						"y": [1]
					},
					"o": {
						"x": [0.167],
						"y": [0]
					},
					"n": ["0p833_1_0p167_0"],
					"t": 57,
					"s": [-3.976],
					"e": [-3.976]
				},
				{
					"i": {
						"x": [0.833],
						"y": [1]
					},
					"o": {
						"x": [0.167],
						"y": [0]
					},
					"n": ["0p833_1_0p167_0"],
					"t": 74,
					"s": [-3.976],
					"e": [0]
				},
				{
					"i": {
						"x": [0.833],
						"y": [1]
					},
					"o": {
						"x": [0.167],
						"y": [0]
					},
					"n": ["0p833_1_0p167_0"],
					"t": 84,
					"s": [0],
					"e": [0]
				},
				{
					"t": 101
				}],
				"ix": 10
			},
			"p": {
				"a": 1,
				"k": [{
					"i": {
						"x": 0.667,
						"y": 1
					},
					"o": {
						"x": 0.333,
						"y": 0
					},
					"n": "0p667_1_0p333_0",
					"t": 18,
					"s": [386.5,
					593.5,
					0],
					"e": [390.5,
					591.5,
					0],
					"to": [0.66666668653488,
					-0.33333334326744,
					0],
					"ti": [-0.66666668653488,
					0.33333334326744,
					0]
				},
				{
					"i": {
						"x": 0.667,
						"y": 0.667
					},
					"o": {
						"x": 0.333,
						"y": 0.333
					},
					"n": "0p667_0p667_0p333_0p333",
					"t": 25,
					"s": [390.5,
					591.5,
					0],
					"e": [390.5,
					591.5,
					0],
					"to": [0,
					0,
					0],
					"ti": [0,
					0,
					0]
				},
				{
					"i": {
						"x": 0.667,
						"y": 1
					},
					"o": {
						"x": 0.333,
						"y": 0
					},
					"n": "0p667_1_0p333_0",
					"t": 49,
					"s": [390.5,
					591.5,
					0],
					"e": [378.5,
					597.5,
					0],
					"to": [-2,
					1,
					0],
					"ti": [2,
					-1,
					0]
				},
				{
					"i": {
						"x": 0.667,
						"y": 0.667
					},
					"o": {
						"x": 0.333,
						"y": 0.333
					},
					"n": "0p667_0p667_0p333_0p333",
					"t": 57,
					"s": [378.5,
					597.5,
					0],
					"e": [378.5,
					597.5,
					0],
					"to": [0,
					0,
					0],
					"ti": [0,
					0,
					0]
				},
				{
					"i": {
						"x": 0.667,
						"y": 1
					},
					"o": {
						"x": 0.333,
						"y": 0
					},
					"n": "0p667_1_0p333_0",
					"t": 74,
					"s": [378.5,
					597.5,
					0],
					"e": [386.5,
					593.5,
					0],
					"to": [1.33333337306976,
					-0.66666668653488,
					0],
					"ti": [-1.33333337306976,
					-8.16666698455811,
					0]
				},
				{
					"i": {
						"x": 0.667,
						"y": 1
					},
					"o": {
						"x": 0.333,
						"y": 0
					},
					"n": "0p667_1_0p333_0",
					"t": 84,
					"s": [386.5,
					593.5,
					0],
					"e": [386.5,
					646.5,
					0],
					"to": [1.33333337306976,
					8.16666698455811,
					0],
					"ti": [0,
					0,
					0]
				},
				{
					"i": {
						"x": 0.667,
						"y": 0.805
					},
					"o": {
						"x": 0.333,
						"y": 0
					},
					"n": "0p667_0p805_0p333_0",
					"t": 88,
					"s": [386.5,
					646.5,
					0],
					"e": [386.5,
					542.164,
					0],
					"to": [0,
					0,
					0],
					"ti": [0,
					15.5246505737305,
					0]
				},
				{
					"i": {
						"x": 0.667,
						"y": 1
					},
					"o": {
						"x": 0.333,
						"y": 0.192
					},
					"n": "0p667_1_0p333_0p192",
					"t": 96,
					"s": [386.5,
					542.164,
					0],
					"e": [386.5,
					593.5,
					0],
					"to": [0,
					-8.26325416564941,
					0],
					"ti": [0,
					3.06845355033875,
					0]
				},
				{
					"i": {
						"x": 0.57,
						"y": 0.718
					},
					"o": {
						"x": 0.21,
						"y": 0
					},
					"n": "0p57_0p718_0p21_0",
					"t": 100,
					"s": [386.5,
					593.5,
					0],
					"e": [386.5,
					600.186,
					0],
					"to": [0,
					-0.97439485788345,
					0],
					"ti": [0,
					0.58002680540085,
					0]
				},
				{
					"i": {
						"x": 0.701,
						"y": 1
					},
					"o": {
						"x": 0.306,
						"y": 0.346
					},
					"n": "0p701_1_0p306_0p346",
					"t": 103,
					"s": [386.5,
					600.186,
					0],
					"e": [386.5,
					593.5,
					0],
					"to": [0,
					-4.67818021774292,
					0],
					"ti": [0,
					0,
					0]
				},
				{
					"t": 108
				}],
				"ix": 2
			},
			"a": {
				"a": 0,
				"k": [112.5,
				202.5,
				0],
				"ix": 1
			},
			"s": {
				"a": 1,
				"k": [{
					"i": {
						"x": [0.833,
						0.833,
						0.833],
						"y": [1,
						1,
						1]
					},
					"o": {
						"x": [0.333,
						0.333,
						0.333],
						"y": [0,
						0,
						0]
					},
					"n": ["0p833_1_0p333_0",
					"0p833_1_0p333_0",
					"0p833_1_0p333_0"],
					"t": 84,
					"s": [100,
					100,
					100],
					"e": [106.965,
					94.568,
					100]
				},
				{
					"i": {
						"x": [0.585,
						0.585,
						0.585],
						"y": [0.789,
						0.795,
						1]
					},
					"o": {
						"x": [0.178,
						0.178,
						0.178],
						"y": [0,
						0,
						0]
					},
					"n": ["0p585_0p789_0p178_0",
					"0p585_0p795_0p178_0",
					"0p585_1_0p178_0"],
					"t": 88,
					"s": [106.965,
					94.568,
					100],
					"e": [94,
					105,
					100]
				},
				{
					"i": {
						"x": [0.701,
						0.701,
						0.701],
						"y": [1,
						1,
						1]
					},
					"o": {
						"x": [0.348,
						0.348,
						0.348],
						"y": [-0.24,
						-0.224,
						0]
					},
					"n": ["0p701_1_0p348_-0p24",
					"0p701_1_0p348_-0p224",
					"0p701_1_0p348_0"],
					"t": 96,
					"s": [94,
					105,
					100],
					"e": [100,
					100,
					100]
				},
				{
					"t": 101
				}],
				"ix": 6
			}
		},
		"ao": 0,
		"ip": 0,
		"op": 115,
		"st": 0,
		"bm": 0
	},
	{
		"ddd": 0,
		"ind": 13,
		"ty": 2,
		"nm": "HAND2",
		"parent": 12,
		"refId": "image_22",
		"sr": 1,
		"ks": {
			"o": {
				"a": 0,
				"k": 100,
				"ix": 11
			},
			"r": {
				"a": 1,
				"k": [{
					"i": {
						"x": [0.833],
						"y": [1]
					},
					"o": {
						"x": [0.167],
						"y": [0]
					},
					"n": ["0p833_1_0p167_0"],
					"t": 2,
					"s": [17.697],
					"e": [25.928]
				},
				{
					"i": {
						"x": [0.833],
						"y": [1]
					},
					"o": {
						"x": [0.167],
						"y": [0]
					},
					"n": ["0p833_1_0p167_0"],
					"t": 9,
					"s": [25.928],
					"e": [25.928]
				},
				{
					"i": {
						"x": [0.833],
						"y": [1]
					},
					"o": {
						"x": [0.167],
						"y": [0]
					},
					"n": ["0p833_1_0p167_0"],
					"t": 33,
					"s": [25.928],
					"e": [17.697]
				},
				{
					"i": {
						"x": [0.833],
						"y": [1]
					},
					"o": {
						"x": [0.167],
						"y": [0]
					},
					"n": ["0p833_1_0p167_0"],
					"t": 38,
					"s": [17.697],
					"e": [17.697]
				},
				{
					"i": {
						"x": [0.833],
						"y": [1]
					},
					"o": {
						"x": [0.167],
						"y": [0]
					},
					"n": ["0p833_1_0p167_0"],
					"t": 84,
					"s": [17.697],
					"e": [-10.489]
				},
				{
					"i": {
						"x": [0.833],
						"y": [1]
					},
					"o": {
						"x": [0.167],
						"y": [0]
					},
					"n": ["0p833_1_0p167_0"],
					"t": 88,
					"s": [-10.489],
					"e": [41.906]
				},
				{
					"i": {
						"x": [0.833],
						"y": [1]
					},
					"o": {
						"x": [0.167],
						"y": [0]
					},
					"n": ["0p833_1_0p167_0"],
					"t": 96,
					"s": [41.906],
					"e": [17.697]
				},
				{
					"t": 101
				}],
				"ix": 10
			},
			"p": {
				"a": 0,
				"k": [161.5,
				64,
				0],
				"ix": 2
			},
			"a": {
				"a": 0,
				"k": [25.5,
				23,
				0],
				"ix": 1
			},
			"s": {
				"a": 0,
				"k": [100,
				100,
				100],
				"ix": 6
			}
		},
		"ao": 0,
		"ip": 0,
		"op": 115,
		"st": 0,
		"bm": 0
	},
	{
		"ddd": 0,
		"ind": 14,
		"ty": 2,
		"nm": "LEG2",
		"refId": "image_23",
		"sr": 1,
		"ks": {
			"o": {
				"a": 0,
				"k": 100,
				"ix": 11
			},
			"r": {
				"a": 1,
				"k": [{
					"i": {
						"x": [0.833],
						"y": [1]
					},
					"o": {
						"x": [0.167],
						"y": [0]
					},
					"n": ["0p833_1_0p167_0"],
					"t": 90,
					"s": [0],
					"e": [0]
				},
				{
					"t": 100
				}],
				"ix": 10
			},
			"p": {
				"a": 1,
				"k": [{
					"i": {
						"x": 0.573,
						"y": 1
					},
					"o": {
						"x": 0.172,
						"y": 0
					},
					"n": "0p573_1_0p172_0",
					"t": 90,
					"s": [442.5,
					639.5,
					0],
					"e": [446.5,
					551.5,
					0],
					"to": [0,
					0,
					0],
					"ti": [0,
					0,
					0]
				},
				{
					"i": {
						"x": 0.837,
						"y": 1
					},
					"o": {
						"x": 0.403,
						"y": 0
					},
					"n": "0p837_1_0p403_0",
					"t": 95,
					"s": [446.5,
					551.5,
					0],
					"e": [442.5,
					639.5,
					0],
					"to": [0,
					0,
					0],
					"ti": [0,
					0,
					0]
				},
				{
					"t": 100
				}],
				"ix": 2
			},
			"a": {
				"a": 0,
				"k": [53.5,
				57.5,
				0],
				"ix": 1
			},
			"s": {
				"a": 0,
				"k": [100,
				100,
				100],
				"ix": 6
			}
		},
		"ao": 0,
		"ip": 0,
		"op": 115,
		"st": 0,
		"bm": 0
	}],
	"markers": []
}